{"cameraMode":{"drawMode":0,"name":"Shaded","section":"Shading Mode"},"sceneLighting":true,"audioPlay":false,"sceneViewState":{"showFog":true,"showMaterialUpdate":false,"showSkybox":true,"showFlares":true,"showImageEffects":true,"showParticleSystems":true},"in2DMode":false,"pivot":{"x":-1.4235354661941529,"y":19.04674530029297,"z":-51.83319854736328},"rotation":{"x":0.016189971938729287,"y":-0.010136869736015797,"z":-0.00030373866320587695,"w":-0.999977171421051},"size":4.2353339195251469,"orthographic":false}