{"cameraMode":{"drawMode":0,"name":"Shaded","section":"Shading Mode"},"sceneLighting":false,"audioPlay":false,"sceneViewState":{"showFog":true,"showMaterialUpdate":false,"showSkybox":false,"showFlares":true,"showImageEffects":true,"showParticleSystems":true},"in2DMode":false,"pivot":{"x":22.206117630004884,"y":-1.7156355381011963,"z":-28.734359741210939},"rotation":{"x":0.11995457857847214,"y":-0.6542582511901856,"z":0.10607138276100159,"w":0.739206850528717},"size":5.3851776123046879,"orthographic":false}