{"cameraMode":{"drawMode":0,"name":"Shaded","section":"Shading Mode"},"sceneLighting":false,"audioPlay":false,"sceneViewState":{"showFog":true,"showMaterialUpdate":false,"showSkybox":false,"showFlares":true,"showImageEffects":true,"showParticleSystems":true},"in2DMode":false,"pivot":{"x":-0.03440298140048981,"y":2.375002384185791,"z":-10.561155319213868},"rotation":{"x":-0.30904898047447207,"y":0.15994280576705934,"z":-0.050149232149124148,"w":-0.9365675449371338},"size":1.7692179679870606,"orthographic":false}