{"cameraMode":{"drawMode":0,"name":"Shaded","section":"Shading Mode"},"sceneLighting":false,"audioPlay":false,"sceneViewState":{"showFog":true,"showMaterialUpdate":false,"showSkybox":false,"showFlares":true,"showImageEffects":true,"showParticleSystems":true},"in2DMode":false,"pivot":{"x":25.963632583618165,"y":1.2976508140563965,"z":-30.79531478881836},"rotation":{"x":-0.09907568246126175,"y":-0.7112069129943848,"z":0.10218879580497742,"w":-0.688512921333313},"size":1.3349840641021729,"orthographic":false}