{"cameraMode":{"drawMode":0,"name":"Shaded","section":"Shading Mode"},"sceneLighting":false,"audioPlay":false,"sceneViewState":{"showFog":true,"showMaterialUpdate":false,"showSkybox":false,"showFlares":true,"showImageEffects":true,"showParticleSystems":true},"in2DMode":false,"pivot":{"x":1.862645149230957e-8,"y":0.1974024772644043,"z":-2.2351741790771486e-8},"rotation":{"x":-0.022182049229741098,"y":0.9571753740310669,"z":-0.28508758544921877,"w":-0.05442133545875549},"size":0.2692180275917053,"orthographic":false}