{"cameraMode":{"drawMode":0,"name":"Shaded","section":"Shading Mode"},"sceneLighting":false,"audioPlay":false,"sceneViewState":{"showFog":true,"showMaterialUpdate":false,"showSkybox":false,"showFlares":true,"showImageEffects":true,"showParticleSystems":true},"in2DMode":false,"pivot":{"x":2.5199999809265138,"y":0.8891024589538574,"z":-4.470348358154297e-8},"rotation":{"x":0.20073862373828889,"y":0.07503888756036759,"z":-0.01757921278476715,"w":0.9769778847694397},"size":0.9566057324409485,"orthographic":false}